Date, Time
2024-08-02, 09:00 AM
2024-08-02, 12:00 PM
2024-08-02, 03:00 PM
2024-08-02, 06:00 PM
2024-08-03, 09:00 AM
2024-08-03, 12:00 PM
2024-08-03, 03:00 PM
2024-08-03, 06:00 PM
2024-08-04, 09:00 AM
2024-08-04, 12:00 PM
2024-08-04, 03:00 PM
2024-08-04, 06:00 PM
2024-08-05, 09:00 AM
2024-08-05, 12:00 PM
2024-08-05, 03:00 PM
2024-08-05, 06:00 PM
2024-08-06, 09:00 AM
2024-08-06, 12:00 PM
2024-08-06, 03:00 PM
2024-08-06, 06:00 PM
2024-08-07, 09:00 AM
2024-08-07, 12:00 PM
2024-08-07, 03:00 PM
2024-08-07, 06:00 PM
2024-08-08, 09:00 AM
2024-08-08, 12:00 PM
2024-08-08, 03:00 PM
2024-08-08, 06:00 PM
2024-08-09, 09:00 AM
2024-08-09, 12:00 PM
2024-08-09, 03:00 PM
2024-08-09, 06:00 PM
2024-08-10, 09:00 AM
2024-08-10, 12:00 PM
2024-08-10, 03:00 PM
2024-08-10, 06:00 PM
2024-08-11, 09:00 AM
2024-08-11, 12:00 PM
2024-08-11, 03:00 PM
2024-08-11, 06:00 PM
2024-08-12, 09:00 AM
2024-08-12, 12:00 PM
2024-08-12, 03:00 PM
2024-08-12, 06:00 PM
2024-08-13, 09:00 AM
2024-08-13, 12:00 PM
2024-08-13, 03:00 PM
2024-08-13, 06:00 PM
2024-08-14, 09:00 AM
2024-08-14, 12:00 PM
2024-08-14, 03:00 PM
2024-08-14, 06:00 PM
2024-08-15, 09:00 AM
2024-08-15, 12:00 PM
2024-08-15, 03:00 PM
2024-08-15, 06:00 PM
2024-08-16, 09:00 AM
2024-08-16, 12:00 PM
2024-08-16, 03:00 PM
2024-08-16, 06:00 PM
2024-08-17, 09:00 AM
2024-08-17, 12:00 PM
2024-08-17, 03:00 PM
2024-08-17, 06:00 PM
2024-08-18, 09:00 AM
2024-08-18, 12:00 PM
2024-08-18, 03:00 PM
2024-08-18, 06:00 PM
2024-08-19, 09:00 AM
2024-08-19, 12:00 PM
2024-08-19, 03:00 PM
2024-08-19, 06:00 PM
2024-08-20, 09:00 AM
2024-08-20, 12:00 PM
2024-08-20, 03:00 PM
2024-08-20, 06:00 PM
2024-08-21, 09:00 AM
2024-08-21, 12:00 PM
2024-08-21, 03:00 PM
2024-08-21, 06:00 PM
2024-08-22, 09:00 AM
2024-08-22, 12:00 PM
2024-08-22, 03:00 PM
2024-08-22, 06:00 PM
2024-08-23, 09:00 AM
2024-08-23, 12:00 PM
2024-08-23, 03:00 PM
2024-08-23, 06:00 PM
2024-08-24, 09:00 AM
2024-08-24, 12:00 PM
2024-08-24, 03:00 PM
2024-08-24, 06:00 PM
2024-08-25, 09:00 AM
2024-08-25, 12:00 PM
2024-08-25, 03:00 PM
2024-08-25, 06:00 PM
2024-08-26, 09:00 AM
2024-08-26, 12:00 PM
2024-08-26, 03:00 PM
2024-08-26, 06:00 PM
2024-08-27, 09:00 AM
2024-08-27, 12:00 PM
2024-08-27, 03:00 PM
2024-08-27, 06:00 PM
2024-08-28, 09:00 AM
2024-08-28, 12:00 PM
2024-08-28, 03:00 PM
2024-08-28, 06:00 PM
2024-08-29, 09:00 AM
2024-08-29, 12:00 PM
2024-08-29, 03:00 PM
2024-08-29, 06:00 PM
2024-08-30, 09:00 AM
2024-08-30, 12:00 PM
2024-08-30, 03:00 PM
2024-08-30, 06:00 PM
2024-08-31, 09:00 AM
2024-08-31, 12:00 PM
2024-08-31, 03:00 PM
2024-08-31, 06:00 PM
2024-09-01, 09:00 AM
2024-09-01, 12:00 PM
2024-09-01, 03:00 PM
2024-09-01, 06:00 PM
2024-09-02, 09:00 AM
2024-09-02, 12:00 PM
2024-09-02, 03:00 PM
2024-09-02, 06:00 PM
2024-09-03, 09:00 AM
2024-09-03, 12:00 PM
2024-09-03, 03:00 PM
2024-09-03, 06:00 PM
2024-09-04, 09:00 AM
2024-09-04, 12:00 PM
2024-09-04, 03:00 PM
2024-09-04, 06:00 PM
2024-09-05, 09:00 AM
2024-09-05, 12:00 PM
2024-09-05, 03:00 PM
2024-09-05, 06:00 PM
2024-09-06, 09:00 AM
2024-09-06, 12:00 PM
2024-09-06, 03:00 PM
2024-09-06, 06:00 PM
2024-09-07, 09:00 AM
2024-09-07, 12:00 PM
2024-09-07, 03:00 PM
2024-09-07, 06:00 PM
2024-09-08, 09:00 AM
2024-09-08, 12:00 PM
2024-09-08, 03:00 PM
2024-09-08, 06:00 PM
2024-09-09, 09:00 AM
2024-09-09, 12:00 PM
2024-09-09, 03:00 PM
2024-09-09, 06:00 PM
2024-09-10, 09:00 AM
2024-09-10, 12:00 PM
2024-09-10, 03:00 PM
2024-09-10, 06:00 PM
2024-09-11, 09:00 AM
2024-09-11, 12:00 PM
2024-09-11, 03:00 PM
2024-09-11, 06:00 PM
2024-09-12, 09:00 AM
2024-09-12, 12:00 PM
2024-09-12, 03:00 PM
2024-09-12, 06:00 PM
2024-09-13, 09:00 AM
2024-09-13, 12:00 PM
2024-09-13, 03:00 PM
2024-09-13, 06:00 PM
2024-09-14, 09:00 AM
2024-09-14, 12:00 PM
2024-09-14, 03:00 PM
2024-09-14, 06:00 PM
2024-09-15, 09:00 AM
2024-09-15, 12:00 PM
2024-09-15, 03:00 PM
2024-09-15, 06:00 PM
2024-09-16, 09:00 AM
2024-09-16, 12:00 PM
2024-09-16, 03:00 PM
2024-09-16, 06:00 PM
2024-09-17, 09:00 AM
2024-09-17, 12:00 PM
2024-09-17, 03:00 PM
2024-09-17, 06:00 PM
2024-09-18, 09:00 AM
2024-09-18, 12:00 PM
2024-09-18, 03:00 PM
2024-09-18, 06:00 PM
2024-09-19, 09:00 AM
2024-09-19, 12:00 PM
2024-09-19, 03:00 PM
2024-09-19, 06:00 PM
2024-09-20, 09:00 AM
2024-09-20, 12:00 PM
2024-09-20, 03:00 PM
2024-09-20, 06:00 PM
2024-09-21, 09:00 AM
2024-09-21, 12:00 PM
2024-09-21, 03:00 PM
2024-09-21, 06:00 PM
2024-09-22, 09:00 AM
2024-09-22, 12:00 PM
2024-09-22, 03:00 PM
2024-09-22, 06:00 PM
2024-09-23, 09:00 AM
2024-09-23, 12:00 PM
2024-09-23, 03:00 PM
2024-09-23, 06:00 PM
2024-09-24, 09:00 AM
2024-09-24, 12:00 PM
2024-09-24, 03:00 PM
2024-09-24, 06:00 PM
2024-09-25, 09:00 AM
2024-09-25, 12:00 PM
2024-09-25, 03:00 PM
2024-09-25, 06:00 PM
2024-09-26, 09:00 AM
2024-09-26, 12:00 PM
2024-09-26, 03:00 PM
2024-09-26, 06:00 PM
2024-09-27, 09:00 AM
2024-09-27, 12:00 PM
2024-09-27, 03:00 PM
2024-09-27, 06:00 PM
2024-09-28, 09:00 AM
2024-09-28, 12:00 PM
2024-09-28, 03:00 PM
2024-09-28, 06:00 PM
2024-09-29, 09:00 AM
2024-09-29, 12:00 PM
2024-09-29, 03:00 PM
2024-09-29, 06:00 PM
2024-09-30, 09:00 AM
2024-09-30, 12:00 PM
2024-09-30, 03:00 PM
2024-09-30, 06:00 PM
2024-10-01, 09:00 AM
2024-10-01, 12:00 PM
2024-10-01, 03:00 PM
2024-10-01, 06:00 PM
2024-10-02, 09:00 AM
2024-10-02, 12:00 PM
2024-10-02, 03:00 PM
2024-10-02, 06:00 PM
2024-10-03, 09:00 AM
2024-10-03, 12:00 PM
2024-10-03, 03:00 PM
2024-10-03, 06:00 PM
2024-10-04, 09:00 AM
2024-10-04, 12:00 PM
2024-10-04, 03:00 PM
2024-10-04, 06:00 PM
2024-10-05, 09:00 AM
2024-10-05, 12:00 PM
2024-10-05, 03:00 PM
2024-10-05, 06:00 PM
2024-10-06, 09:00 AM
2024-10-06, 12:00 PM
2024-10-06, 03:00 PM
2024-10-06, 06:00 PM
2024-10-07, 09:00 AM
2024-10-07, 12:00 PM
2024-10-07, 03:00 PM
2024-10-07, 06:00 PM
2024-10-08, 09:00 AM
2024-10-08, 12:00 PM
2024-10-08, 03:00 PM
2024-10-08, 06:00 PM
2024-10-09, 09:00 AM
2024-10-09, 12:00 PM
2024-10-09, 03:00 PM
2024-10-09, 06:00 PM
2024-10-10, 09:00 AM
2024-10-10, 12:00 PM
2024-10-10, 03:00 PM
2024-10-10, 06:00 PM
2024-10-11, 09:00 AM
2024-10-11, 12:00 PM
2024-10-11, 03:00 PM
2024-10-11, 06:00 PM
2024-10-12, 09:00 AM
2024-10-12, 12:00 PM
2024-10-12, 03:00 PM
2024-10-12, 06:00 PM
2024-10-13, 09:00 AM
2024-10-13, 12:00 PM
2024-10-13, 03:00 PM
2024-10-13, 06:00 PM
2024-10-14, 09:00 AM
2024-10-14, 12:00 PM
2024-10-14, 03:00 PM
2024-10-14, 06:00 PM
2024-10-15, 09:00 AM
2024-10-15, 12:00 PM
2024-10-15, 03:00 PM
2024-10-15, 06:00 PM
2024-10-16, 09:00 AM
2024-10-16, 12:00 PM
2024-10-16, 03:00 PM
2024-10-16, 06:00 PM
2024-10-17, 09:00 AM
2024-10-17, 12:00 PM
2024-10-17, 03:00 PM
2024-10-17, 06:00 PM
2024-10-18, 09:00 AM
2024-10-18, 12:00 PM
2024-10-18, 03:00 PM
2024-10-18, 06:00 PM
2024-10-19, 09:00 AM
2024-10-19, 12:00 PM
2024-10-19, 03:00 PM
2024-10-19, 06:00 PM
2024-10-20, 09:00 AM
2024-10-20, 12:00 PM
2024-10-20, 03:00 PM
2024-10-20, 06:00 PM
2024-10-21, 09:00 AM
2024-10-21, 12:00 PM
2024-10-21, 03:00 PM
2024-10-21, 06:00 PM
2024-10-22, 09:00 AM
2024-10-22, 12:00 PM
2024-10-22, 03:00 PM
2024-10-22, 06:00 PM
2024-10-23, 09:00 AM
2024-10-23, 12:00 PM
2024-10-23, 03:00 PM
2024-10-23, 06:00 PM
2024-10-24, 09:00 AM
2024-10-24, 12:00 PM
2024-10-24, 03:00 PM
2024-10-24, 06:00 PM
2024-10-25, 09:00 AM
2024-10-25, 12:00 PM
2024-10-25, 03:00 PM
2024-10-25, 06:00 PM
2024-10-26, 09:00 AM
2024-10-26, 12:00 PM
2024-10-26, 03:00 PM
2024-10-26, 06:00 PM
2024-10-27, 09:00 AM
2024-10-27, 12:00 PM
2024-10-27, 03:00 PM
2024-10-27, 06:00 PM
2024-10-28, 09:00 AM
2024-10-28, 12:00 PM
2024-10-28, 03:00 PM
2024-10-28, 06:00 PM
2024-10-29, 09:00 AM
2024-10-29, 12:00 PM
2024-10-29, 03:00 PM
2024-10-29, 06:00 PM
2024-10-30, 09:00 AM
2024-10-30, 12:00 PM
2024-10-30, 03:00 PM
2024-10-30, 06:00 PM
2024-10-31, 09:00 AM
2024-10-31, 12:00 PM
2024-10-31, 03:00 PM
2024-10-31, 06:00 PM
2024-11-01, 09:00 AM
2024-11-01, 12:00 PM
2024-11-01, 03:00 PM
2024-11-01, 06:00 PM
2024-11-02, 09:00 AM
2024-11-02, 12:00 PM
2024-11-02, 03:00 PM
2024-11-02, 06:00 PM
2024-11-03, 09:00 AM
2024-11-03, 12:00 PM
2024-11-03, 03:00 PM
2024-11-03, 06:00 PM
2024-11-04, 09:00 AM
2024-11-04, 12:00 PM
2024-11-04, 03:00 PM
2024-11-04, 06:00 PM
2024-11-05, 09:00 AM
2024-11-05, 12:00 PM
2024-11-05, 03:00 PM
2024-11-05, 06:00 PM
2024-11-06, 09:00 AM
2024-11-06, 12:00 PM
2024-11-06, 03:00 PM
2024-11-06, 06:00 PM
2024-11-07, 09:00 AM
2024-11-07, 12:00 PM
2024-11-07, 03:00 PM
2024-11-07, 06:00 PM
2024-11-08, 09:00 AM
2024-11-08, 12:00 PM
2024-11-08, 03:00 PM
2024-11-08, 06:00 PM
2024-11-09, 09:00 AM
2024-11-09, 12:00 PM
2024-11-09, 03:00 PM
2024-11-09, 06:00 PM
2024-11-10, 09:00 AM
2024-11-10, 12:00 PM
2024-11-10, 03:00 PM
2024-11-10, 06:00 PM
2024-11-11, 09:00 AM
2024-11-11, 12:00 PM
2024-11-11, 03:00 PM
2024-11-11, 06:00 PM
2024-11-12, 09:00 AM
2024-11-12, 12:00 PM
2024-11-12, 03:00 PM
2024-11-12, 06:00 PM
2024-11-13, 09:00 AM
2024-11-13, 12:00 PM
2024-11-13, 03:00 PM
2024-11-13, 06:00 PM
2024-11-14, 09:00 AM
2024-11-14, 12:00 PM
2024-11-14, 03:00 PM
2024-11-14, 06:00 PM
2024-11-15, 09:00 AM
2024-11-15, 12:00 PM
2024-11-15, 03:00 PM
2024-11-15, 06:00 PM
2024-11-16, 09:00 AM
2024-11-16, 12:00 PM
2024-11-16, 03:00 PM
2024-11-16, 06:00 PM
2024-11-17, 09:00 AM
2024-11-17, 12:00 PM
2024-11-17, 03:00 PM
2024-11-17, 06:00 PM
2024-11-18, 09:00 AM
2024-11-18, 12:00 PM
2024-11-18, 03:00 PM
2024-11-18, 06:00 PM
2024-11-19, 09:00 AM
2024-11-19, 12:00 PM
2024-11-19, 03:00 PM
2024-11-19, 06:00 PM
2024-11-20, 09:00 AM
2024-11-20, 12:00 PM
2024-11-20, 03:00 PM
2024-11-20, 06:00 PM
2024-11-21, 09:00 AM
2024-11-21, 12:00 PM
2024-11-21, 03:00 PM
2024-11-21, 06:00 PM
2024-11-22, 09:00 AM
2024-11-22, 12:00 PM
2024-11-22, 03:00 PM
2024-11-22, 06:00 PM
2024-11-23, 09:00 AM
2024-11-23, 12:00 PM
2024-11-23, 03:00 PM
2024-11-23, 06:00 PM
2024-11-24, 09:00 AM
2024-11-24, 12:00 PM
2024-11-24, 03:00 PM
2024-11-24, 06:00 PM
2024-11-25, 09:00 AM
2024-11-25, 12:00 PM
2024-11-25, 03:00 PM
2024-11-25, 06:00 PM
2024-11-26, 09:00 AM
2024-11-26, 12:00 PM
2024-11-26, 03:00 PM
2024-11-26, 06:00 PM
2024-11-27, 09:00 AM
2024-11-27, 12:00 PM
2024-11-27, 03:00 PM
2024-11-27, 06:00 PM
2024-11-28, 09:00 AM
2024-11-28, 12:00 PM
2024-11-28, 03:00 PM
2024-11-28, 06:00 PM
2024-11-29, 09:00 AM
2024-11-29, 12:00 PM
2024-11-29, 03:00 PM
2024-11-29, 06:00 PM
2024-11-30, 09:00 AM
2024-11-30, 12:00 PM
2024-11-30, 03:00 PM
2024-11-30, 06:00 PM
2024-12-01, 09:00 AM
2024-12-01, 12:00 PM
2024-12-01, 03:00 PM
2024-12-01, 06:00 PM
2024-12-02, 09:00 AM
2024-12-02, 12:00 PM
2024-12-02, 03:00 PM
2024-12-02, 06:00 PM
2024-12-03, 09:00 AM
2024-12-03, 12:00 PM
2024-12-03, 03:00 PM
2024-12-03, 06:00 PM
2024-12-04, 09:00 AM
2024-12-04, 12:00 PM
2024-12-04, 03:00 PM
2024-12-04, 06:00 PM
2024-12-05, 09:00 AM
2024-12-05, 12:00 PM
2024-12-05, 03:00 PM
2024-12-05, 06:00 PM
2024-12-06, 09:00 AM
2024-12-06, 12:00 PM
2024-12-06, 03:00 PM
2024-12-06, 06:00 PM
2024-12-07, 09:00 AM
2024-12-07, 12:00 PM
2024-12-07, 03:00 PM
2024-12-07, 06:00 PM
2024-12-08, 09:00 AM
2024-12-08, 12:00 PM
2024-12-08, 03:00 PM
2024-12-08, 06:00 PM
2024-12-09, 09:00 AM
2024-12-09, 12:00 PM
2024-12-09, 03:00 PM
2024-12-09, 06:00 PM
2024-12-10, 09:00 AM
2024-12-10, 12:00 PM
2024-12-10, 03:00 PM
2024-12-10, 06:00 PM
2024-12-11, 09:00 AM
2024-12-11, 12:00 PM
2024-12-11, 03:00 PM
2024-12-11, 06:00 PM
2024-12-12, 09:00 AM
2024-12-12, 12:00 PM
2024-12-12, 03:00 PM
2024-12-12, 06:00 PM
2024-12-13, 09:00 AM
2024-12-13, 12:00 PM
2024-12-13, 03:00 PM
2024-12-13, 06:00 PM
2024-12-14, 09:00 AM
2024-12-14, 12:00 PM
2024-12-14, 03:00 PM
2024-12-14, 06:00 PM
2024-12-15, 09:00 AM
2024-12-15, 12:00 PM
2024-12-15, 03:00 PM
2024-12-15, 06:00 PM
2024-12-16, 09:00 AM
2024-12-16, 12:00 PM
2024-12-16, 03:00 PM
2024-12-16, 06:00 PM
2024-12-17, 09:00 AM
2024-12-17, 12:00 PM
2024-12-17, 03:00 PM
2024-12-17, 06:00 PM
2024-12-18, 09:00 AM
2024-12-18, 12:00 PM
2024-12-18, 03:00 PM
2024-12-18, 06:00 PM
2024-12-19, 09:00 AM
2024-12-19, 12:00 PM
2024-12-19, 03:00 PM
2024-12-19, 06:00 PM
2024-12-20, 09:00 AM
2024-12-20, 12:00 PM
2024-12-20, 03:00 PM
2024-12-20, 06:00 PM
2024-12-21, 09:00 AM
2024-12-21, 12:00 PM
2024-12-21, 03:00 PM
2024-12-21, 06:00 PM
2024-12-22, 09:00 AM
2024-12-22, 12:00 PM
2024-12-22, 03:00 PM
2024-12-22, 06:00 PM
2024-12-23, 09:00 AM
2024-12-23, 12:00 PM
2024-12-23, 03:00 PM
2024-12-23, 06:00 PM
2024-12-24, 09:00 AM
2024-12-24, 12:00 PM
2024-12-24, 03:00 PM
2024-12-24, 06:00 PM
2024-12-25, 09:00 AM
2024-12-25, 12:00 PM
2024-12-25, 03:00 PM
2024-12-25, 06:00 PM
2024-12-26, 09:00 AM
2024-12-26, 12:00 PM
2024-12-26, 03:00 PM
2024-12-26, 06:00 PM
2024-12-27, 09:00 AM
2024-12-27, 12:00 PM
2024-12-27, 03:00 PM
2024-12-27, 06:00 PM
2024-12-28, 09:00 AM
2024-12-28, 12:00 PM
2024-12-28, 03:00 PM
2024-12-28, 06:00 PM
2024-12-29, 09:00 AM
2024-12-29, 12:00 PM
2024-12-29, 03:00 PM
2024-12-29, 06:00 PM
2024-12-30, 09:00 AM
2024-12-30, 12:00 PM
2024-12-30, 03:00 PM
2024-12-30, 06:00 PM
2024-12-31, 09:00 AM
2024-12-31, 12:00 PM
2024-12-31, 03:00 PM
2024-12-31, 06:00 PM
2025-01-01, 09:00 AM
2025-01-01, 12:00 PM
2025-01-01, 03:00 PM
2025-01-01, 06:00 PM
2025-01-02, 09:00 AM
2025-01-02, 12:00 PM
2025-01-02, 03:00 PM
2025-01-02, 06:00 PM
2025-01-03, 09:00 AM
2025-01-03, 12:00 PM
2025-01-03, 03:00 PM
2025-01-03, 06:00 PM
2025-01-04, 09:00 AM
2025-01-04, 12:00 PM
2025-01-04, 03:00 PM
2025-01-04, 06:00 PM
2025-01-05, 09:00 AM
2025-01-05, 12:00 PM
2025-01-05, 03:00 PM
2025-01-05, 06:00 PM
2025-01-06, 09:00 AM
2025-01-06, 12:00 PM
2025-01-06, 03:00 PM
2025-01-06, 06:00 PM
2025-01-07, 09:00 AM
2025-01-07, 12:00 PM
2025-01-07, 03:00 PM
2025-01-07, 06:00 PM
2025-01-08, 09:00 AM
2025-01-08, 12:00 PM
2025-01-08, 03:00 PM
2025-01-08, 06:00 PM
2025-01-09, 09:00 AM
2025-01-09, 12:00 PM
2025-01-09, 03:00 PM
2025-01-09, 06:00 PM
2025-01-10, 09:00 AM
2025-01-10, 12:00 PM
2025-01-10, 03:00 PM
2025-01-10, 06:00 PM
2025-01-11, 09:00 AM
2025-01-11, 12:00 PM
2025-01-11, 03:00 PM
2025-01-11, 06:00 PM
2025-01-12, 09:00 AM
2025-01-12, 12:00 PM
2025-01-12, 03:00 PM
2025-01-12, 06:00 PM
2025-01-13, 09:00 AM
2025-01-13, 12:00 PM
2025-01-13, 03:00 PM
2025-01-13, 06:00 PM
2025-01-14, 09:00 AM
2025-01-14, 12:00 PM
2025-01-14, 03:00 PM
2025-01-14, 06:00 PM
2025-01-15, 09:00 AM
2025-01-15, 12:00 PM
2025-01-15, 03:00 PM
2025-01-15, 06:00 PM
2025-01-16, 09:00 AM
2025-01-16, 12:00 PM
2025-01-16, 03:00 PM
2025-01-16, 06:00 PM
2025-01-17, 09:00 AM
2025-01-17, 12:00 PM
2025-01-17, 03:00 PM
2025-01-17, 06:00 PM
2025-01-18, 09:00 AM
2025-01-18, 12:00 PM
2025-01-18, 03:00 PM
2025-01-18, 06:00 PM
2025-01-19, 09:00 AM
2025-01-19, 12:00 PM
2025-01-19, 03:00 PM
2025-01-19, 06:00 PM
2025-01-20, 09:00 AM
2025-01-20, 12:00 PM
2025-01-20, 03:00 PM
2025-01-20, 06:00 PM
2025-01-21, 09:00 AM
2025-01-21, 12:00 PM
2025-01-21, 03:00 PM
2025-01-21, 06:00 PM
2025-01-22, 09:00 AM
2025-01-22, 12:00 PM
2025-01-22, 03:00 PM
2025-01-22, 06:00 PM
2025-01-23, 09:00 AM
2025-01-23, 12:00 PM
2025-01-23, 03:00 PM
2025-01-23, 06:00 PM
2025-01-24, 09:00 AM
2025-01-24, 12:00 PM
2025-01-24, 03:00 PM
2025-01-24, 06:00 PM
2025-01-25, 09:00 AM
2025-01-25, 12:00 PM
2025-01-25, 03:00 PM
2025-01-25, 06:00 PM
2025-01-26, 09:00 AM
2025-01-26, 12:00 PM
2025-01-26, 03:00 PM
2025-01-26, 06:00 PM
2025-01-27, 09:00 AM
2025-01-27, 12:00 PM
2025-01-27, 03:00 PM
2025-01-27, 06:00 PM
2025-01-28, 09:00 AM
2025-01-28, 12:00 PM
2025-01-28, 03:00 PM
2025-01-28, 06:00 PM
2025-01-29, 09:00 AM
2025-01-29, 12:00 PM
2025-01-29, 03:00 PM
2025-01-29, 06:00 PM
2025-01-30, 09:00 AM
2025-01-30, 12:00 PM
2025-01-30, 03:00 PM
2025-01-30, 06:00 PM
2025-01-31, 09:00 AM
2025-01-31, 12:00 PM
2025-01-31, 03:00 PM
2025-01-31, 06:00 PM
2025-02-01, 09:00 AM
2025-02-01, 12:00 PM
2025-02-01, 03:00 PM
2025-02-01, 06:00 PM
2025-02-02, 09:00 AM
2025-02-02, 12:00 PM
2025-02-02, 03:00 PM
2025-02-02, 06:00 PM
2025-02-03, 09:00 AM
2025-02-03, 12:00 PM
2025-02-03, 03:00 PM
2025-02-03, 06:00 PM
2025-02-04, 09:00 AM
2025-02-04, 12:00 PM
2025-02-04, 03:00 PM
2025-02-04, 06:00 PM
2025-02-05, 09:00 AM
2025-02-05, 12:00 PM
2025-02-05, 03:00 PM
2025-02-05, 06:00 PM
2025-02-06, 09:00 AM
2025-02-06, 12:00 PM
2025-02-06, 03:00 PM
2025-02-06, 06:00 PM
2025-02-07, 09:00 AM
2025-02-07, 12:00 PM
2025-02-07, 03:00 PM
2025-02-07, 06:00 PM
2025-02-08, 09:00 AM
2025-02-08, 12:00 PM
2025-02-08, 03:00 PM
2025-02-08, 06:00 PM
2025-02-09, 09:00 AM
2025-02-09, 12:00 PM
2025-02-09, 03:00 PM
2025-02-09, 06:00 PM
2025-02-10, 09:00 AM
2025-02-10, 12:00 PM
2025-02-10, 03:00 PM
2025-02-10, 06:00 PM
2025-02-11, 09:00 AM
2025-02-11, 12:00 PM
2025-02-11, 03:00 PM
2025-02-11, 06:00 PM
2025-02-12, 09:00 AM
2025-02-12, 12:00 PM
2025-02-12, 03:00 PM
2025-02-12, 06:00 PM
2025-02-13, 09:00 AM
2025-02-13, 12:00 PM
2025-02-13, 03:00 PM
2025-02-13, 06:00 PM
2025-02-14, 09:00 AM
2025-02-14, 12:00 PM
2025-02-14, 03:00 PM
2025-02-14, 06:00 PM
2025-02-15, 09:00 AM
2025-02-15, 12:00 PM
2025-02-15, 03:00 PM
2025-02-15, 06:00 PM
2025-02-16, 09:00 AM
2025-02-16, 12:00 PM
2025-02-16, 03:00 PM
2025-02-16, 06:00 PM
2025-02-17, 09:00 AM
2025-02-17, 12:00 PM
2025-02-17, 03:00 PM
2025-02-17, 06:00 PM
2025-02-18, 09:00 AM
2025-02-18, 12:00 PM
2025-02-18, 03:00 PM
2025-02-18, 06:00 PM
2025-02-19, 09:00 AM
2025-02-19, 12:00 PM
2025-02-19, 03:00 PM
2025-02-19, 06:00 PM
2025-02-20, 09:00 AM
2025-02-20, 12:00 PM
2025-02-20, 03:00 PM
2025-02-20, 06:00 PM
2025-02-21, 09:00 AM
2025-02-21, 12:00 PM
2025-02-21, 03:00 PM
2025-02-21, 06:00 PM
2025-02-22, 09:00 AM
2025-02-22, 12:00 PM
2025-02-22, 03:00 PM
2025-02-22, 06:00 PM
2025-02-23, 09:00 AM
2025-02-23, 12:00 PM
2025-02-23, 03:00 PM
2025-02-23, 06:00 PM
2025-02-24, 09:00 AM
2025-02-24, 12:00 PM
2025-02-24, 03:00 PM
2025-02-24, 06:00 PM
2025-02-25, 09:00 AM
2025-02-25, 12:00 PM
2025-02-25, 03:00 PM
2025-02-25, 06:00 PM
2025-02-26, 09:00 AM
2025-02-26, 12:00 PM
2025-02-26, 03:00 PM
2025-02-26, 06:00 PM
2025-02-27, 09:00 AM
2025-02-27, 12:00 PM
2025-02-27, 03:00 PM
2025-02-27, 06:00 PM
2025-02-28, 09:00 AM
2025-02-28, 12:00 PM
2025-02-28, 03:00 PM
2025-02-28, 06:00 PM
2025-03-01, 09:00 AM
2025-03-01, 12:00 PM
2025-03-01, 03:00 PM
2025-03-01, 06:00 PM
2025-03-02, 09:00 AM
2025-03-02, 12:00 PM
2025-03-02, 03:00 PM
2025-03-02, 06:00 PM
2025-03-03, 09:00 AM
2025-03-03, 12:00 PM
2025-03-03, 03:00 PM
2025-03-03, 06:00 PM
2025-03-04, 09:00 AM
2025-03-04, 12:00 PM
2025-03-04, 03:00 PM
2025-03-04, 06:00 PM
2025-03-05, 09:00 AM
2025-03-05, 12:00 PM
2025-03-05, 03:00 PM
2025-03-05, 06:00 PM
2025-03-06, 09:00 AM
2025-03-06, 12:00 PM
2025-03-06, 03:00 PM
2025-03-06, 06:00 PM
2025-03-07, 09:00 AM
2025-03-07, 12:00 PM
2025-03-07, 03:00 PM
2025-03-07, 06:00 PM
2025-03-08, 09:00 AM
2025-03-08, 12:00 PM
2025-03-08, 03:00 PM
2025-03-08, 06:00 PM
2025-03-09, 09:00 AM
2025-03-09, 12:00 PM
2025-03-09, 03:00 PM
2025-03-09, 06:00 PM
2025-03-10, 09:00 AM
2025-03-10, 12:00 PM
2025-03-10, 03:00 PM
2025-03-10, 06:00 PM
2025-03-11, 09:00 AM
2025-03-11, 12:00 PM
2025-03-11, 03:00 PM
2025-03-11, 06:00 PM
2025-03-12, 09:00 AM
2025-03-12, 12:00 PM
2025-03-12, 03:00 PM
2025-03-12, 06:00 PM
2025-03-13, 09:00 AM
2025-03-13, 12:00 PM
2025-03-13, 03:00 PM
2025-03-13, 06:00 PM
2025-03-14, 09:00 AM
2025-03-14, 12:00 PM
2025-03-14, 03:00 PM
2025-03-14, 06:00 PM
2025-03-15, 09:00 AM
2025-03-15, 12:00 PM
2025-03-15, 03:00 PM
2025-03-15, 06:00 PM
2025-03-16, 09:00 AM
2025-03-16, 12:00 PM
2025-03-16, 03:00 PM
2025-03-16, 06:00 PM
2025-03-17, 09:00 AM
2025-03-17, 12:00 PM
2025-03-17, 03:00 PM
2025-03-17, 06:00 PM
2025-03-18, 09:00 AM
2025-03-18, 12:00 PM
2025-03-18, 03:00 PM
2025-03-18, 06:00 PM
2025-03-19, 09:00 AM
2025-03-19, 12:00 PM
2025-03-19, 03:00 PM
2025-03-19, 06:00 PM
2025-03-20, 09:00 AM
2025-03-20, 12:00 PM
2025-03-20, 03:00 PM
2025-03-20, 06:00 PM
2025-03-21, 09:00 AM
2025-03-21, 12:00 PM
2025-03-21, 03:00 PM
2025-03-21, 06:00 PM
2025-03-22, 09:00 AM
2025-03-22, 12:00 PM
2025-03-22, 03:00 PM
2025-03-22, 06:00 PM
2025-03-23, 09:00 AM
2025-03-23, 12:00 PM
2025-03-23, 03:00 PM
2025-03-23, 06:00 PM
2025-03-24, 09:00 AM
2025-03-24, 12:00 PM
2025-03-24, 03:00 PM
2025-03-24, 06:00 PM
2025-03-25, 09:00 AM
2025-03-25, 12:00 PM
2025-03-25, 03:00 PM
2025-03-25, 06:00 PM
2025-03-26, 09:00 AM
2025-03-26, 12:00 PM
2025-03-26, 03:00 PM
2025-03-26, 06:00 PM
2025-03-27, 09:00 AM
2025-03-27, 12:00 PM
2025-03-27, 03:00 PM
2025-03-27, 06:00 PM
2025-03-28, 09:00 AM
2025-03-28, 12:00 PM
2025-03-28, 03:00 PM
2025-03-28, 06:00 PM
2025-03-29, 09:00 AM
2025-03-29, 12:00 PM
2025-03-29, 03:00 PM
2025-03-29, 06:00 PM
2025-03-30, 09:00 AM
2025-03-30, 12:00 PM
2025-03-30, 03:00 PM
2025-03-30, 06:00 PM
2025-03-31, 09:00 AM
2025-03-31, 12:00 PM
2025-03-31, 03:00 PM
2025-03-31, 06:00 PM
2025-04-01, 09:00 AM
2025-04-01, 12:00 PM
2025-04-01, 03:00 PM
2025-04-01, 06:00 PM
2025-04-02, 09:00 AM
2025-04-02, 12:00 PM
2025-04-02, 03:00 PM
2025-04-02, 06:00 PM
2025-04-03, 09:00 AM
2025-04-03, 12:00 PM
2025-04-03, 03:00 PM
2025-04-03, 06:00 PM
2025-04-04, 09:00 AM
2025-04-04, 12:00 PM
2025-04-04, 03:00 PM
2025-04-04, 06:00 PM
2025-04-05, 09:00 AM
2025-04-05, 12:00 PM
2025-04-05, 03:00 PM
2025-04-05, 06:00 PM
2025-04-06, 09:00 AM
2025-04-06, 12:00 PM
2025-04-06, 03:00 PM
2025-04-06, 06:00 PM
2025-04-07, 09:00 AM
2025-04-07, 12:00 PM
2025-04-07, 03:00 PM
2025-04-07, 06:00 PM
2025-04-08, 09:00 AM
2025-04-08, 12:00 PM
2025-04-08, 03:00 PM
2025-04-08, 06:00 PM
2025-04-09, 09:00 AM
2025-04-09, 12:00 PM
2025-04-09, 03:00 PM
2025-04-09, 06:00 PM
2025-04-10, 09:00 AM
2025-04-10, 12:00 PM
2025-04-10, 03:00 PM
2025-04-10, 06:00 PM
2025-04-11, 09:00 AM
2025-04-11, 12:00 PM
2025-04-11, 03:00 PM
2025-04-11, 06:00 PM
2025-04-12, 09:00 AM
2025-04-12, 12:00 PM
2025-04-12, 03:00 PM
2025-04-12, 06:00 PM
2025-04-13, 09:00 AM
2025-04-13, 12:00 PM
2025-04-13, 03:00 PM
2025-04-13, 06:00 PM
2025-04-14, 09:00 AM
2025-04-14, 12:00 PM
2025-04-14, 03:00 PM
2025-04-14, 06:00 PM
2025-04-15, 09:00 AM
2025-04-15, 12:00 PM
2025-04-15, 03:00 PM
2025-04-15, 06:00 PM
2025-04-16, 09:00 AM
2025-04-16, 12:00 PM
2025-04-16, 03:00 PM
2025-04-16, 06:00 PM
2025-04-17, 09:00 AM
2025-04-17, 12:00 PM
2025-04-17, 03:00 PM
2025-04-17, 06:00 PM
2025-04-18, 09:00 AM
2025-04-18, 12:00 PM
2025-04-18, 03:00 PM
2025-04-18, 06:00 PM
2025-04-19, 09:00 AM
2025-04-19, 12:00 PM
2025-04-19, 03:00 PM
2025-04-19, 06:00 PM
2025-04-20, 09:00 AM
2025-04-20, 12:00 PM
2025-04-20, 03:00 PM
2025-04-20, 06:00 PM
2025-04-21, 09:00 AM
2025-04-21, 12:00 PM
2025-04-21, 03:00 PM
2025-04-21, 06:00 PM
2025-04-22, 09:00 AM
2025-04-22, 12:00 PM
2025-04-22, 03:00 PM
2025-04-22, 06:00 PM
2025-04-23, 09:00 AM
2025-04-23, 12:00 PM
2025-04-23, 03:00 PM
2025-04-23, 06:00 PM
2025-04-24, 09:00 AM
2025-04-24, 12:00 PM
2025-04-24, 03:00 PM
2025-04-24, 06:00 PM
2025-04-25, 09:00 AM
2025-04-25, 12:00 PM
2025-04-25, 03:00 PM
2025-04-25, 06:00 PM
2025-04-26, 09:00 AM
2025-04-26, 12:00 PM
2025-04-26, 03:00 PM
2025-04-26, 06:00 PM
2025-04-27, 09:00 AM
2025-04-27, 12:00 PM
2025-04-27, 03:00 PM
2025-04-27, 06:00 PM
2025-04-28, 09:00 AM
2025-04-28, 12:00 PM
2025-04-28, 03:00 PM
2025-04-28, 06:00 PM
2025-04-29, 09:00 AM
2025-04-29, 12:00 PM
2025-04-29, 03:00 PM
2025-04-29, 06:00 PM
2025-04-30, 09:00 AM
2025-04-30, 12:00 PM
2025-04-30, 03:00 PM
2025-04-30, 06:00 PM
2025-05-01, 09:00 AM
2025-05-01, 12:00 PM
2025-05-01, 03:00 PM
2025-05-01, 06:00 PM
2025-05-02, 09:00 AM
2025-05-02, 12:00 PM
2025-05-02, 03:00 PM
2025-05-02, 06:00 PM
2025-05-03, 09:00 AM
2025-05-03, 12:00 PM
2025-05-03, 03:00 PM
2025-05-03, 06:00 PM
2025-05-04, 09:00 AM
2025-05-04, 12:00 PM
2025-05-04, 03:00 PM
2025-05-04, 06:00 PM
2025-05-05, 09:00 AM
2025-05-05, 12:00 PM
2025-05-05, 03:00 PM
2025-05-05, 06:00 PM
2025-05-06, 09:00 AM
2025-05-06, 12:00 PM
2025-05-06, 03:00 PM
2025-05-06, 06:00 PM
2025-05-07, 09:00 AM
2025-05-07, 12:00 PM
2025-05-07, 03:00 PM
2025-05-07, 06:00 PM
2025-05-08, 09:00 AM
2025-05-08, 12:00 PM
2025-05-08, 03:00 PM
2025-05-08, 06:00 PM
2025-05-09, 09:00 AM
2025-05-09, 12:00 PM
2025-05-09, 03:00 PM
2025-05-09, 06:00 PM
2025-05-10, 09:00 AM
2025-05-10, 12:00 PM
2025-05-10, 03:00 PM
2025-05-10, 06:00 PM
2025-05-11, 09:00 AM
2025-05-11, 12:00 PM
2025-05-11, 03:00 PM
2025-05-11, 06:00 PM
2025-05-12, 09:00 AM
2025-05-12, 12:00 PM
2025-05-12, 03:00 PM
2025-05-12, 06:00 PM
2025-05-13, 09:00 AM
2025-05-13, 12:00 PM
2025-05-13, 03:00 PM
2025-05-13, 06:00 PM
2025-05-14, 09:00 AM
2025-05-14, 12:00 PM
2025-05-14, 03:00 PM
2025-05-14, 06:00 PM
2025-05-15, 09:00 AM
2025-05-15, 12:00 PM
2025-05-15, 03:00 PM
2025-05-15, 06:00 PM
2025-05-16, 09:00 AM
2025-05-16, 12:00 PM
2025-05-16, 03:00 PM
2025-05-16, 06:00 PM
2025-05-17, 09:00 AM
2025-05-17, 12:00 PM
2025-05-17, 03:00 PM
2025-05-17, 06:00 PM
2025-05-18, 09:00 AM
2025-05-18, 12:00 PM
2025-05-18, 03:00 PM
2025-05-18, 06:00 PM
2025-05-19, 09:00 AM
2025-05-19, 12:00 PM
2025-05-19, 03:00 PM
2025-05-19, 06:00 PM
2025-05-20, 09:00 AM
2025-05-20, 12:00 PM
2025-05-20, 03:00 PM
2025-05-20, 06:00 PM
2025-05-21, 09:00 AM
2025-05-21, 12:00 PM
2025-05-21, 03:00 PM
2025-05-21, 06:00 PM
2025-05-22, 09:00 AM
2025-05-22, 12:00 PM
2025-05-22, 03:00 PM
2025-05-22, 06:00 PM
2025-05-23, 09:00 AM
2025-05-23, 12:00 PM
2025-05-23, 03:00 PM
2025-05-23, 06:00 PM
2025-05-24, 09:00 AM
2025-05-24, 12:00 PM
2025-05-24, 03:00 PM
2025-05-24, 06:00 PM
2025-05-25, 09:00 AM
2025-05-25, 12:00 PM
2025-05-25, 03:00 PM
2025-05-25, 06:00 PM
2025-05-26, 09:00 AM
2025-05-26, 12:00 PM
2025-05-26, 03:00 PM
2025-05-26, 06:00 PM
2025-05-27, 09:00 AM
2025-05-27, 12:00 PM
2025-05-27, 03:00 PM
2025-05-27, 06:00 PM
2025-05-28, 09:00 AM
2025-05-28, 12:00 PM
2025-05-28, 03:00 PM
2025-05-28, 06:00 PM
2025-05-29, 09:00 AM
2025-05-29, 12:00 PM
2025-05-29, 03:00 PM
2025-05-29, 06:00 PM
2025-05-30, 09:00 AM
2025-05-30, 12:00 PM
2025-05-30, 03:00 PM
2025-05-30, 06:00 PM
2025-05-31, 09:00 AM
2025-05-31, 12:00 PM
2025-05-31, 03:00 PM
2025-05-31, 06:00 PM
2025-06-01, 09:00 AM
2025-06-01, 12:00 PM
2025-06-01, 03:00 PM
2025-06-01, 06:00 PM
2025-06-02, 09:00 AM
2025-06-02, 12:00 PM
2025-06-02, 03:00 PM
2025-06-02, 06:00 PM
2025-06-03, 09:00 AM
2025-06-03, 12:00 PM
2025-06-03, 03:00 PM
2025-06-03, 06:00 PM
2025-06-04, 09:00 AM
2025-06-04, 12:00 PM
2025-06-04, 03:00 PM
2025-06-04, 06:00 PM
2025-06-05, 09:00 AM
2025-06-05, 12:00 PM
2025-06-05, 03:00 PM
2025-06-05, 06:00 PM
2025-06-06, 09:00 AM
2025-06-06, 12:00 PM
2025-06-06, 03:00 PM
2025-06-06, 06:00 PM
2025-06-07, 09:00 AM
2025-06-07, 12:00 PM
2025-06-07, 03:00 PM
2025-06-07, 06:00 PM
2025-06-08, 09:00 AM
2025-06-08, 12:00 PM
2025-06-08, 03:00 PM
2025-06-08, 06:00 PM
2025-06-09, 09:00 AM
2025-06-09, 12:00 PM
2025-06-09, 03:00 PM
2025-06-09, 06:00 PM
2025-06-10, 09:00 AM
2025-06-10, 12:00 PM
2025-06-10, 03:00 PM
2025-06-10, 06:00 PM
2025-06-11, 09:00 AM
2025-06-11, 12:00 PM
2025-06-11, 03:00 PM
2025-06-11, 06:00 PM
2025-06-12, 09:00 AM
2025-06-12, 12:00 PM
2025-06-12, 03:00 PM
2025-06-12, 06:00 PM
2025-06-13, 09:00 AM
2025-06-13, 12:00 PM
2025-06-13, 03:00 PM
2025-06-13, 06:00 PM
2025-06-14, 09:00 AM
2025-06-14, 12:00 PM
2025-06-14, 03:00 PM
2025-06-14, 06:00 PM
2025-06-15, 09:00 AM
2025-06-15, 12:00 PM
2025-06-15, 03:00 PM
2025-06-15, 06:00 PM
2025-06-16, 09:00 AM
2025-06-16, 12:00 PM
2025-06-16, 03:00 PM
2025-06-16, 06:00 PM
2025-06-17, 09:00 AM
2025-06-17, 12:00 PM
2025-06-17, 03:00 PM
2025-06-17, 06:00 PM
2025-06-18, 09:00 AM
2025-06-18, 12:00 PM
2025-06-18, 03:00 PM
2025-06-18, 06:00 PM
2025-06-19, 09:00 AM
2025-06-19, 12:00 PM
2025-06-19, 03:00 PM
2025-06-19, 06:00 PM
2025-06-20, 09:00 AM
2025-06-20, 12:00 PM
2025-06-20, 03:00 PM
2025-06-20, 06:00 PM
2025-06-21, 09:00 AM
2025-06-21, 12:00 PM
2025-06-21, 03:00 PM
2025-06-21, 06:00 PM
2025-06-22, 09:00 AM
2025-06-22, 12:00 PM
2025-06-22, 03:00 PM
2025-06-22, 06:00 PM
2025-06-23, 09:00 AM
2025-06-23, 12:00 PM
2025-06-23, 03:00 PM
2025-06-23, 06:00 PM
2025-06-24, 09:00 AM
2025-06-24, 12:00 PM
2025-06-24, 03:00 PM
2025-06-24, 06:00 PM
2025-06-25, 09:00 AM
2025-06-25, 12:00 PM
2025-06-25, 03:00 PM
2025-06-25, 06:00 PM
2025-06-26, 09:00 AM
2025-06-26, 12:00 PM
2025-06-26, 03:00 PM
2025-06-26, 06:00 PM
2025-06-27, 09:00 AM
2025-06-27, 12:00 PM
2025-06-27, 03:00 PM
2025-06-27, 06:00 PM
2025-06-28, 09:00 AM
2025-06-28, 12:00 PM
2025-06-28, 03:00 PM
2025-06-28, 06:00 PM
2025-06-29, 09:00 AM
2025-06-29, 12:00 PM
2025-06-29, 03:00 PM
2025-06-29, 06:00 PM
2025-06-30, 09:00 AM
2025-06-30, 12:00 PM
2025-06-30, 03:00 PM
2025-06-30, 06:00 PM
2025-07-01, 09:00 AM
2025-07-01, 12:00 PM
2025-07-01, 03:00 PM
2025-07-01, 06:00 PM
2025-07-02, 09:00 AM
2025-07-02, 12:00 PM
2025-07-02, 03:00 PM
2025-07-02, 06:00 PM
2025-07-03, 09:00 AM
2025-07-03, 12:00 PM
2025-07-03, 03:00 PM
2025-07-03, 06:00 PM
2025-07-04, 09:00 AM
2025-07-04, 12:00 PM
2025-07-04, 03:00 PM
2025-07-04, 06:00 PM
2025-07-05, 09:00 AM
2025-07-05, 12:00 PM
2025-07-05, 03:00 PM
2025-07-05, 06:00 PM
2025-07-06, 09:00 AM
2025-07-06, 12:00 PM
2025-07-06, 03:00 PM
2025-07-06, 06:00 PM
2025-07-07, 09:00 AM
2025-07-07, 12:00 PM
2025-07-07, 03:00 PM
2025-07-07, 06:00 PM
2025-07-08, 09:00 AM
2025-07-08, 12:00 PM
2025-07-08, 03:00 PM
2025-07-08, 06:00 PM
2025-07-09, 09:00 AM
2025-07-09, 12:00 PM
2025-07-09, 03:00 PM
2025-07-09, 06:00 PM
2025-07-10, 09:00 AM
2025-07-10, 12:00 PM
2025-07-10, 03:00 PM
2025-07-10, 06:00 PM
2025-07-11, 09:00 AM
2025-07-11, 12:00 PM
2025-07-11, 03:00 PM
2025-07-11, 06:00 PM
2025-07-12, 09:00 AM
2025-07-12, 12:00 PM
2025-07-12, 03:00 PM
2025-07-12, 06:00 PM
2025-07-13, 09:00 AM
2025-07-13, 12:00 PM
2025-07-13, 03:00 PM
2025-07-13, 06:00 PM
2025-07-14, 09:00 AM
2025-07-14, 12:00 PM
2025-07-14, 03:00 PM
2025-07-14, 06:00 PM
2025-07-15, 09:00 AM
2025-07-15, 12:00 PM
2025-07-15, 03:00 PM
2025-07-15, 06:00 PM
2025-07-16, 09:00 AM
2025-07-16, 12:00 PM
2025-07-16, 03:00 PM
2025-07-16, 06:00 PM
2025-07-17, 09:00 AM
2025-07-17, 12:00 PM
2025-07-17, 03:00 PM
2025-07-17, 06:00 PM
2025-07-18, 09:00 AM
2025-07-18, 12:00 PM
2025-07-18, 03:00 PM
2025-07-18, 06:00 PM
2025-07-19, 09:00 AM
2025-07-19, 12:00 PM
2025-07-19, 03:00 PM
2025-07-19, 06:00 PM
2025-07-20, 09:00 AM
2025-07-20, 12:00 PM
2025-07-20, 03:00 PM
2025-07-20, 06:00 PM
2025-07-21, 09:00 AM
2025-07-21, 12:00 PM
2025-07-21, 03:00 PM
2025-07-21, 06:00 PM
2025-07-22, 09:00 AM
2025-07-22, 12:00 PM
2025-07-22, 03:00 PM
2025-07-22, 06:00 PM
2025-07-23, 09:00 AM
2025-07-23, 12:00 PM
2025-07-23, 03:00 PM
2025-07-23, 06:00 PM
2025-07-24, 09:00 AM
2025-07-24, 12:00 PM
2025-07-24, 03:00 PM
2025-07-24, 06:00 PM
2025-07-25, 09:00 AM
2025-07-25, 12:00 PM
2025-07-25, 03:00 PM
2025-07-25, 06:00 PM
2025-07-26, 09:00 AM
2025-07-26, 12:00 PM
2025-07-26, 03:00 PM
2025-07-26, 06:00 PM
2025-07-27, 09:00 AM
2025-07-27, 12:00 PM
2025-07-27, 03:00 PM
2025-07-27, 06:00 PM
2025-07-28, 09:00 AM
2025-07-28, 12:00 PM
2025-07-28, 03:00 PM
2025-07-28, 06:00 PM
2025-07-29, 09:00 AM
2025-07-29, 12:00 PM
2025-07-29, 03:00 PM
2025-07-29, 06:00 PM
2025-07-30, 09:00 AM
2025-07-30, 12:00 PM
2025-07-30, 03:00 PM
2025-07-30, 06:00 PM
2025-07-31, 09:00 AM
2025-07-31, 12:00 PM
2025-07-31, 03:00 PM
2025-07-31, 06:00 PM
2025-08-01, 09:00 AM
2025-08-01, 12:00 PM
2025-08-01, 03:00 PM
2025-08-01, 06:00 PM